id,first_name,last_name,dob,gender,email,phone,address,food_allergies
1,Herby,Dafforne,1979-08-30 02:24:56,Female,hdafforne0@google.co.uk,885-323-2944,636 Crownhardt Park,porttitor id consequat in consequat ut nulla sed accumsan felis ut at dolor quis odio consequat
2,Reynold,Eccleston,1988-07-17 06:04:49,Male,reccleston1@yahoo.co.jp,629-410-3482,6 Kim Point,congue risus semper porta volutpat quam pede lobortis ligula sit amet eleifend
3,Sigfried,Beavan,1979-08-17 08:03:05,Female,sbeavan2@buzzfeed.com,231-539-5634,0771 Vermont Center,ut tellus nulla ut erat id mauris vulputate
4,Norry,Dranfield,1982-10-13 10:17:42,Male,ndranfield3@go.com,540-769-9246,8265 Mallard Avenue,ornare imperdiet sapien urna pretium nisl
5,Paule,Moger,1982-08-30 13:54:24,Female,pmoger4@phoca.cz,473-134-5400,4 Southridge Alley,orci vehicula condimentum curabitur in libero ut massa volutpat convallis morbi odio odio
6,Delphinia,Climer,1991-06-13 21:43:29,Male,dclimer5@github.io,915-272-2762,9 Glendale Street,tincidunt eget tempus vel pede morbi porttitor lorem id ligula suspendisse ornare consequat
7,Parry,Saulter,1985-06-28 08:15:17,Female,psaulter6@house.gov,972-178-8679,720 Laurel Circle,eu tincidunt in leo maecenas pulvinar lobortis est phasellus sit amet erat nulla tempus vivamus in felis eu sapien cursus
8,Alameda,Donalson,1997-11-06 08:24:20,Male,adonalson7@cnn.com,856-891-0601,9 Fair Oaks Place,non ligula pellentesque ultrices phasellus id sapien in sapien iaculis congue vivamus metus arcu
9,Aigneis,Gilfether,1986-12-25 16:07:27,Female,agilfether8@nationalgeographic.com,187-615-3712,9724 Arizona Lane,tempus semper est quam pharetra magna ac consequat metus sapien ut nunc vestibulum ante ipsum primis in
10,Vick,Hills,1994-08-15 05:15:48,Male,vhills9@smh.com.au,101-259-6917,284 Acker Road,erat vestibulum sed magna at nunc commodo placerat
11,Hasheem,Hinkens,1985-09-29 11:04:32,Female,hhinkensa@auda.org.au,934-281-5491,8490 Harbort Drive,pede justo lacinia eget tincidunt eget tempus vel pede morbi
12,Elia,Eager,1992-07-29 11:33:57,Female,eeagerb@baidu.com,569-689-1574,56631 Moulton Plaza,sollicitudin ut suscipit a feugiat et eros vestibulum ac est lacinia nisi venenatis tristique fusce congue diam id
13,Harmon,Ingle,1981-07-08 08:14:00,Male,hinglec@paypal.com,372-119-4829,684 Lukken Parkway,odio curabitur convallis duis consequat
14,Stephine,Hickisson,1992-05-09 17:03:40,Male,shickissond@newsvine.com,876-703-6540,716 Eagle Crest Hill,consequat varius integer ac leo pellentesque ultrices mattis odio donec vitae nisi nam ultrices
15,Aimee,Bene,1983-04-23 08:40:45,Female,abenee@yale.edu,235-850-8539,5 Pine View Terrace,maecenas tincidunt lacus at velit vivamus vel nulla eget eros elementum pellentesque quisque porta volutpat erat quisque erat
16,Basia,Ervine,1987-05-21 04:53:03,Female,bervinef@devhub.com,977-189-2029,75654 Weeping Birch Circle,a odio in hac habitasse platea dictumst maecenas ut massa quis augue luctus tincidunt nulla
17,Averyl,Seath,1987-02-19 15:48:16,Female,aseathg@xing.com,666-648-4296,4587 Kennedy Court,primis in faucibus orci luctus et ultrices posuere cubilia curae donec pharetra magna vestibulum aliquet ultrices
18,Arlette,Biddles,1990-11-23 15:39:38,Male,abiddlesh@homestead.com,231-126-0741,3 Hoffman Hill,magna vestibulum aliquet ultrices erat tortor sollicitudin
19,Urbano,Wickman,1990-09-16 04:34:26,Female,uwickmani@alibaba.com,934-881-2560,90 Oakridge Alley,lacus morbi quis tortor id nulla ultrices aliquet maecenas leo odio condimentum id luctus
20,Dulcie,Comellini,1994-07-04 11:02:09,Female,dcomellinij@sourceforge.net,910-533-9357,7 Washington Hill,consequat in consequat ut nulla sed accumsan felis ut at dolor quis odio consequat varius integer
21,Jandy,Haylett,1980-03-30 10:45:56,Female,jhaylettk@theatlantic.com,725-642-4910,00 Summit Lane,congue vivamus metus arcu adipiscing molestie hendrerit at vulputate vitae nisl aenean lectus pellentesque eget nunc donec quis
22,Kerry,Smithson,1998-05-21 16:28:17,Male,ksmithsonl@blog.com,985-273-9557,36 Linden Pass,non velit donec diam neque
23,Silvain,McGeachy,1981-06-09 17:55:01,Female,smcgeachym@mail.ru,774-976-8562,62 Homewood Avenue,felis donec semper sapien a libero nam dui proin leo odio porttitor id consequat in
24,Burke,Maddams,1992-05-06 19:43:32,Female,bmaddamsn@fc2.com,932-514-8083,852 Judy Park,justo sollicitudin ut suscipit a feugiat et eros vestibulum ac est lacinia nisi venenatis tristique
25,Renaud,Bedells,1983-12-24 14:04:49,Female,rbedellso@nasa.gov,766-613-4471,04941 Village Trail,nam nulla integer pede justo lacinia eget tincidunt eget tempus vel pede morbi porttitor lorem
26,Farly,Grove,1977-11-01 15:44:11,Male,fgrovep@quantcast.com,221-411-9292,7 Cascade Road,curae mauris viverra diam vitae quam suspendisse potenti nullam porttitor lacus at turpis donec posuere metus vitae ipsum aliquam non
27,Cliff,Digance,1977-12-18 16:38:04,Male,cdiganceq@cyberchimps.com,863-738-0744,6671 Hoepker Lane,id nulla ultrices aliquet maecenas leo
28,Sheff,Clement,1986-06-18 10:26:03,Female,sclementr@dyndns.org,156-865-9788,343 Dorton Plaza,et ultrices posuere cubilia curae mauris viverra diam vitae quam suspendisse
29,Cort,Salzen,1985-02-07 02:36:58,Male,csalzens@cbsnews.com,339-927-0308,78 Oneill Point,nulla neque libero convallis eget eleifend luctus ultricies eu nibh quisque id justo sit amet
30,Karrie,Bastiman,1987-10-07 08:31:18,Female,kbastimant@msu.edu,904-881-7701,95 Mesta Street,sagittis nam congue risus semper porta volutpat quam pede lobortis ligula sit amet eleifend
31,Robbert,Gonzalez,1980-03-19 23:56:22,Male,rgonzalezu@mac.com,863-984-2199,60 Columbus Way,lacus morbi quis tortor id nulla ultrices aliquet maecenas leo odio
32,Kakalina,Birtwhistle,1984-12-24 18:13:39,Male,kbirtwhistlev@jiathis.com,196-256-3476,5248 South Drive,mauris sit amet eros suspendisse accumsan tortor
33,Druci,Palfreyman,1983-09-19 02:26:12,Female,dpalfreymanw@bloglovin.com,542-238-2175,31 Oak Lane,id nulla ultrices aliquet maecenas leo odio condimentum
34,Anselm,Townes,1988-06-25 11:18:56,Male,atownesx@time.com,484-242-7101,51 Reindahl Parkway,lorem quisque ut erat curabitur
35,Judi,Jacobsen,1998-04-30 04:57:07,Female,jjacobseny@github.com,184-561-1580,5 Sunbrook Pass,est quam pharetra magna ac consequat metus sapien ut nunc vestibulum
36,Amabelle,Brimson,1996-07-14 01:00:38,Female,abrimsonz@deviantart.com,530-306-8607,78973 Butternut Center,habitasse platea dictumst aliquam augue quam sollicitudin
37,Sarene,Daintrey,1978-06-29 09:19:44,Female,sdaintrey10@csmonitor.com,113-987-8076,76 Forest Run Road,donec odio justo sollicitudin ut suscipit a feugiat et eros vestibulum ac est lacinia nisi venenatis tristique fusce congue
38,Camala,Boshell,1994-01-30 20:55:46,Female,cboshell11@home.pl,593-913-7301,12022 Loomis Trail,mauris viverra diam vitae quam suspendisse potenti nullam porttitor lacus
39,Giraud,Castillo,1985-07-25 11:33:44,Male,gcastillo12@google.co.uk,427-273-0770,41 6th Plaza,ut at dolor quis odio consequat varius integer ac leo pellentesque ultrices mattis odio donec vitae nisi nam ultrices libero
40,Anthe,Ebbing,1982-10-20 08:57:46,Male,aebbing13@hubpages.com,500-624-4708,37 Cottonwood Hill,quis justo maecenas rhoncus aliquam lacus morbi quis tortor id nulla ultrices aliquet maecenas leo odio condimentum id
41,Viviene,Cushe,1995-12-26 16:17:41,Female,vcushe14@answers.com,240-863-2634,508 Kenwood Street,odio condimentum id luctus nec molestie sed justo pellentesque viverra pede ac
42,Danny,Dallmann,1990-12-27 13:48:14,Male,ddallmann15@sfgate.com,760-914-6552,771 Buena Vista Parkway,ac diam cras pellentesque volutpat dui maecenas tristique est et tempus semper est quam pharetra
43,Liesa,Sayward,1979-01-15 17:30:41,Female,lsayward16@who.int,319-339-7060,0 Jenifer Plaza,eu magna vulputate luctus cum sociis natoque penatibus et magnis dis parturient montes nascetur ridiculus
44,Lenard,Deeprose,1983-10-23 11:48:34,Female,ldeeprose17@reddit.com,588-286-9943,770 Anzinger Avenue,id nisl venenatis lacinia aenean sit amet justo morbi
45,Peria,Balcers,1985-10-24 08:13:01,Female,pbalcers18@squidoo.com,314-180-2946,861 Badeau Plaza,proin at turpis a pede
46,Binnie,Quiney,1982-12-04 03:08:43,Female,bquiney19@google.fr,983-372-4179,57 Anthes Lane,ante ipsum primis in faucibus orci luctus et ultrices posuere cubilia curae
47,Tim,Kewzick,1984-11-23 07:26:58,Female,tkewzick1a@cocolog-nifty.com,161-978-7836,551 Mariners Cove Center,ut mauris eget massa tempor convallis nulla neque libero convallis eget eleifend luctus ultricies eu nibh quisque id justo
48,Lonni,Pendock,1995-03-20 00:16:04,Male,lpendock1b@linkedin.com,653-438-0497,2 Mayfield Terrace,non sodales sed tincidunt
49,Adelind,Adenot,1987-10-03 11:39:18,Male,aadenot1c@smh.com.au,517-510-7695,77942 Heffernan Junction,consectetuer adipiscing elit proin risus praesent lectus vestibulum quam sapien varius ut blandit non interdum in ante vestibulum ante ipsum
50,Kristen,Matten,1981-02-20 09:44:24,Female,kmatten1d@amazon.co.jp,152-701-8259,4 Bartillon Court,nulla nunc purus phasellus in felis
